Compagnie,Ann√©e,Mois,Moyenne_Retard,Nombre_Vols_En_Retard,Nombre_Total_Vols
247 Aviation,2024,11,139.0,1,1
2Excel Aviation,2024,2,0.0,0,6
Acass Ireland,2024,10,44.0,2,2
Aegean Airlines,2024,4,4.753846153846154,17,65
Aegean Airlines,2024,5,4.984962406015038,39,133
Aegean Airlines,2024,6,11.319672131147541,49,122
Aegean Airlines,2024,7,11.560747663551401,58,107
Aegean Airlines,2024,8,10.085714285714285,53,105
Aegean Airlines,2024,9,7.871559633027523,42,109
Aegean Airlines,2024,10,5.08,27,100
Aegean Airlines,2024,11,4.666666666666667,6,12
Aegean Airlines,2024,12,7.375,2,8
Aer Lingus,2024,5,3.7037037037037037,15,54
Aer Lingus,2024,6,5.3076923076923075,13,52
Aer Lingus,2024,7,5.5576923076923075,19,52
Aer Lingus,2024,8,1.8333333333333333,7,54
Aer Lingus,2024,9,4.056603773584905,10,53
Aero4M,2024,5,35.0,1,1
Aero4M,2024,8,0.0,0,1
Aeromexico,2024,2,4.584,75,250
Aeromexico,2024,3,5.516556291390729,97,302
Aeromexico,2024,4,7.536679536679537,104,259
Aeromexico,2024,5,8.22923588039867,126,301
Aeromexico,2024,6,12.648208469055374,157,307
Aeromexico,2024,7,13.815094339622641,139,265
Aeromexico,2024,8,9.386100386100386,133,259
Aeromexico,2024,9,7.0777777777777775,110,270
Aeromexico,2024,10,7.731182795698925,109,279
Aeromexico,2024,11,6.563318777292577,64,229
Aeromexico,2024,12,8.627659574468085,104,282
Aeroways,2024,12,0.0,0,2
Air Baltic,2024,2,3.75,2,4
Air Baltic,2024,3,8.75,6,8
Air Baltic,2024,4,6.5625,9,16
Air Baltic,2024,5,13.05,28,40
Air Baltic,2024,6,23.56,19,25
Air Baltic,2024,7,21.807692307692307,15,26
Air Baltic,2024,8,14.5,23,30
Air Baltic,2024,9,13.833333333333334,23,36
Air Baltic,2024,10,11.066666666666666,19,30
Air Cairo,2024,2,5.4,1,5
Air Cairo,2024,3,34.0,7,10
Air Cairo,2024,4,25.375,5,8
Air Cairo,2024,5,12.0,5,8
Air Cairo,2024,6,2.5,1,4
Air Charter Scotland,2024,6,26.0,1,1
Air Charters Europe,2024,5,0.0,0,2
Air Charters Europe,2024,6,15.0,4,4
Air Charters Europe,2024,8,7.333333333333333,1,3
Air Charters Europe,2024,9,8.6,2,5
Air Charters Europe,2024,11,7.25,2,4
Air Corsica,2024,2,4.950819672131147,27,61
Air Corsica,2024,3,3.0405405405405403,23,74
Air Corsica,2024,4,2.38,21,50
Air Corsica,2024,5,3.8461538461538463,24,52
Air Corsica,2024,6,4.303030303030303,21,66
Air Corsica,2024,7,7.1875,22,32
Air Corsica,2024,8,0.0625,1,16
Air Corsica,2024,9,1.2058823529411764,4,68
Air Corsica,2024,10,0.6333333333333333,4,60
Air Corsica,2024,11,1.564516129032258,6,62
Air Corsica,2024,12,2.125,4,48
Air Dolomiti,2024,12,10.5,4,4
Air Explore,2024,3,18.0,2,2
Air France,2024,2,4.464814814814815,165,540
Air France,2024,3,4.919931856899489,187,587
Air France,2024,4,6.3259668508287294,205,543
Air France,2024,5,7.18018018018018,213,555
Air France,2024,6,9.409090909090908,270,594
Air France,2024,7,10.131481481481481,240,540
Air France,2024,8,7.956521739130435,206,460
Air France,2024,9,7.467741935483871,218,558
Air France,2024,10,7.323024054982818,231,582
Air France,2024,11,6.224528301886792,161,530
Air France,2024,12,8.09330985915493,221,568
Air Mauritius,2024,2,4.5978260869565215,58,184
Air Mauritius,2024,3,6.613636363636363,82,220
Air Mauritius,2024,4,6.146496815286624,63,157
Air Mauritius,2024,5,6.56353591160221,75,181
Air Mauritius,2024,6,11.472826086956522,95,184
Air Mauritius,2024,7,13.300613496932515,82,163
Air Mauritius,2024,8,8.129032258064516,73,155
Air Mauritius,2024,9,5.512658227848101,57,158
Air Mauritius,2024,10,7.2601156069364166,65,173
Air Mauritius,2024,11,8.070175438596491,58,171
Air Mauritius,2024,12,9.575129533678757,81,193
Air Montenegro,2024,4,0.0,0,2
Air Montenegro,2024,5,0.625,3,16
Air Montenegro,2024,6,3.4545454545454546,1,22
Air Montenegro,2024,7,0.0,0,3
Air Montenegro,2024,8,41.55555555555556,4,9
Air Montenegro,2024,9,5.916666666666667,3,12
Air Montenegro,2024,10,6.375,3,8
Air Peace,2024,7,0.0,0,1
Air Serbia,2024,2,3.7419354838709675,33,124
Air Serbia,2024,3,7.576158940397351,56,151
Air Serbia,2024,4,6.59375,25,64
Air Serbia,2024,5,7.1891891891891895,33,74
Air Serbia,2024,6,12.45945945945946,37,74
Air Serbia,2024,7,19.0,35,63
Air Serbia,2024,8,13.82258064516129,38,62
Air Serbia,2024,9,7.323529411764706,30,68
Air Serbia,2024,10,6.632352941176471,25,68
Air Serbia,2024,11,5.296875,18,64
Air Serbia,2024,12,8.310344827586206,31,87
Air Transat,2024,5,4.533333333333333,11,30
Air Transat,2024,6,9.526315789473685,11,38
Air Transat,2024,7,4.826086956521739,10,46
Air Transat,2024,8,6.266666666666667,17,45
Air Transat,2024,9,6.928571428571429,12,42
Air Transat,2024,10,2.72972972972973,8,37
Air Transat,2024,11,7.875,4,8
Air Transat,2024,12,18.142857142857142,10,14
Airlec Air Espace,2024,3,15.0,2,4
Airlec Air Espace,2024,6,0.0,0,3
Airlec Air Espace,2024,7,0.0,0,2
Airlec Air Espace,2024,8,0.0,0,4
Airlec Air Espace,2024,9,23.5,1,2
Airlec Air Espace,2024,11,0.5,1,2
Ais Airlines,2024,6,0.0,0,2
Albastar,2024,4,6.0,1,2
Albastar,2024,8,0.0,0,2
Albastar,2024,12,12.0,1,1
Aliserio,2024,5,0.0,0,2
Aliserio,2024,7,27.0,2,2
Aliserio,2024,11,0.0,0,1
Alitalia,2024,2,4.584,75,250
Alitalia,2024,3,5.5855263157894735,98,304
Alitalia,2024,4,7.533596837944664,101,253
Alitalia,2024,5,8.181506849315069,120,292
Alitalia,2024,6,11.98993288590604,150,298
Alitalia,2024,7,13.147286821705427,134,258
Alitalia,2024,8,8.971887550200803,125,249
Alitalia,2024,9,7.0534351145038165,104,262
Alitalia,2024,10,7.847328244274809,101,262
Alitalia,2024,11,7.731843575418995,59,179
Alitalia,2024,12,8.899122807017545,88,228
Amelia,2024,2,24.25,3,4
Amelia,2024,3,18.5,4,6
Amelia,2024,8,0.0,0,1
Amelia,2024,9,9.5,2,4
Amelia,2024,10,12.0,2,6
Amelia,2024,11,16.0,1,1
American Airlines,2024,2,10.39655172413793,23,58
American Airlines,2024,3,5.639344262295082,21,61
American Airlines,2024,4,2.5535714285714284,23,56
American Airlines,2024,5,3.288135593220339,21,59
American Airlines,2024,6,4.036363636363636,21,55
American Airlines,2024,7,6.482758620689655,20,58
American Airlines,2024,8,7.068965517241379,20,58
American Airlines,2024,9,6.363636363636363,18,55
American Airlines,2024,10,9.383333333333333,23,60
American Airlines,2024,11,1.4880952380952381,9,84
American Airlines,2024,12,4.655913978494624,36,93
Animawings,2024,4,0.0,0,2
Animawings,2024,5,4.4375,3,16
Animawings,2024,6,8.5,10,16
Animawings,2024,7,6.0,9,18
Animawings,2024,8,3.0,7,18
Animawings,2024,9,9.0,8,17
Animawings,2024,10,5.285714285714286,2,7
Asl Airlines France,2024,12,0.0,0,2
Asl Airlines Ireland,2024,3,8.285714285714286,6,14
Asl Airlines Ireland,2024,5,7.916666666666667,3,12
Asl Airlines Ireland,2024,6,14.666666666666666,6,6
Asl Airlines Ireland,2024,7,21.75,3,4
Asl Airlines Ireland,2024,8,31.25,3,4
Asl Airlines Ireland,2024,9,8.0,3,4
Asl Airlines Ireland,2024,10,0.0,0,4
Asl Airlines Ireland,2024,11,8.0,3,6
Asl Airlines Ireland,2024,12,0.0,0,2
B.J. Aviation,2024,4,19.0,1,2
B.J. Aviation,2024,5,14.0,1,3
B.J. Aviation,2024,6,0.0,0,4
B.J. Aviation,2024,9,24.0,2,2
Belgian Air Component,2024,4,14.0,1,1
Belgian Air Component,2024,7,0.0,0,1
Belgian Air Component,2024,8,14.0,2,3
Bioflight,2024,4,3.0,1,2
Blue Bird Airways,2024,4,0.0,0,2
Blue Bird Airways,2024,5,5.111111111111111,4,9
China Eastern Airlines,2024,2,5.0344827586206895,16,58
China Eastern Airlines,2024,3,3.515151515151515,12,66
China Eastern Airlines,2024,4,7.172727272727273,46,110
China Eastern Airlines,2024,5,7.6581196581196584,56,117
China Eastern Airlines,2024,6,12.894736842105264,63,114
China Eastern Airlines,2024,7,14.08130081300813,67,123
China Eastern Airlines,2024,8,10.0,70,124
China Eastern Airlines,2024,9,8.169642857142858,49,112
China Eastern Airlines,2024,10,8.327102803738319,44,107
China Eastern Airlines,2024,11,8.189655172413794,41,116
China Eastern Airlines,2024,12,9.858333333333333,52,120
Cityjet,2024,3,8.0,2,2
Cityjet,2024,4,12.581818181818182,41,55
Cityjet,2024,5,9.984126984126984,38,63
Cityjet,2024,6,15.133333333333333,37,60
Cityjet,2024,7,14.964912280701755,30,57
Cityjet,2024,8,8.258064516129032,29,62
Cityjet,2024,9,6.724137931034483,31,58
Cityjet,2024,10,7.285714285714286,21,56
Cityjet,2024,11,11.909090909090908,10,22
Cityjet,2024,12,5.75,12,20
Comlux,2024,7,17.0,1,2
Corsair,2024,2,11.944444444444445,7,18
Corsair,2024,3,5.117647058823529,8,17
Corsair,2024,4,9.277777777777779,9,18
Corsair,2024,5,11.0,2,4
Corsair,2024,12,11.8,5,10
Cyprus Airways,2024,4,0.0,0,2
Cyprus Airways,2024,5,0.0,0,2
Das Private Jets,2024,6,2.6666666666666665,2,6
Delta Air Lines,2024,2,4.639455782312925,86,294
Delta Air Lines,2024,3,5.221590909090909,114,352
Delta Air Lines,2024,4,6.2926829268292686,114,287
Delta Air Lines,2024,5,6.901234567901234,123,324
Delta Air Lines,2024,6,9.174041297935103,149,339
Delta Air Lines,2024,7,7.972413793103448,125,290
Delta Air Lines,2024,8,6.0964285714285715,116,280
Delta Air Lines,2024,9,6.535714285714286,116,308
Delta Air Lines,2024,10,7.738317757009346,124,321
Delta Air Lines,2024,11,7.66044776119403,96,268
Delta Air Lines,2024,12,7.463949843260188,120,319
Dhl Air,2024,2,7.25,2,4
Dhl Air,2024,3,7.333333333333333,1,3
Dhl Air,2024,5,35.0,1,1
Dhl Air,2024,8,8.0,1,2
Dragonfly Executive,2024,5,6.0,1,2
Dragonfly Executive,2024,6,27.5,2,2
Easyjet,2024,2,4.011124845488257,158,809
Easyjet,2024,3,4.6416015625,248,1024
Easyjet,2024,4,6.219354838709678,374,1085
Easyjet,2024,5,8.174137931034483,451,1160
Easyjet,2024,6,8.472577696526509,416,1094
Easyjet,2024,7,7.912611717974181,376,1007
Easyjet,2024,8,7.732581967213115,370,976
Easyjet,2024,9,8.630198915009041,409,1106
Easyjet,2024,10,9.092738407699038,426,1143
Easyjet,2024,11,5.101969872537659,212,863
Easyjet,2024,12,6.487279843444227,303,1022
Electra Airways,2024,4,0.0,0,2
Electra Airways,2024,5,0.0,0,4
Electra Airways,2024,6,5.777777777777778,2,18
Electra Airways,2024,7,3.611111111111111,5,18
Electra Airways,2024,8,2.4285714285714284,2,14
Electra Airways,2024,9,3.5,3,12
Enac Ecole Aviation Civile,2024,3,55.0,1,2
Enac Ecole Aviation Civile,2024,4,0.0,0,2
Enac Ecole Aviation Civile,2024,5,0.0,0,2
Enac Ecole Aviation Civile,2024,7,0.0,0,2
Enac Ecole Aviation Civile,2024,9,45.5,1,2
Enac Ecole Aviation Civile,2024,10,0.0,0,4
Enac Ecole Aviation Civile,2024,11,5.5,1,2
Enter Air,2024,2,25.0,2,2
Enter Air,2024,3,6.5,1,2
Enter Air,2024,5,1.5,1,2
Enter Air,2024,6,0.0,0,1
Enter Air,2024,8,0.0,0,1
Enter Air,2024,10,0.0,0,1
European Flight Service,2024,11,21.666666666666668,1,3
Finnair,2024,2,4.01025641025641,54,195
Finnair,2024,3,6.041666666666667,85,240
Finnair,2024,4,6.787037037037037,80,216
Finnair,2024,5,7.24,96,250
Finnair,2024,6,10.968379446640316,119,253
Finnair,2024,7,13.246696035242291,111,227
Finnair,2024,8,8.738532110091743,100,218
Finnair,2024,9,5.945945945945946,78,222
Finnair,2024,10,7.271929824561403,83,228
Finnair,2024,11,5.635838150289017,48,173
Finnair,2024,12,8.604545454545455,82,220
Flexflight,2024,4,0.0,0,8
Flexflight,2024,5,0.0,0,16
Flexflight,2024,6,0.0,0,16
Flexflight,2024,7,0.0,0,18
Flexflight,2024,8,0.0,0,18
Flexflight,2024,9,0.0,0,8
Flexflight,2024,10,0.0,0,12
Fly2Sky,2024,12,22.0,1,2
Flywales,2024,7,23.0,1,1
France - 	Police Aux Frontiers,2024,9,0.0,0,2
France - 	Police Aux Frontiers,2024,11,2.5,1,2
France - 	Police Aux Frontiers,2024,12,13.0,2,2
France - Air Force,2024,2,24.25,1,4
France - Air Force,2024,3,0.0,0,7
France - Air Force,2024,4,7.0,1,2
France - Air Force,2024,5,9.0,1,6
France - Air Force,2024,7,8.285714285714286,1,7
France - Air Force,2024,9,0.0,0,6
France - Air Force,2024,10,1.9,1,10
France - Air Force,2024,11,0.0,0,2
France - Air Force,2024,12,0.0,0,3
France - Air Forces Command,2024,2,0.0,0,2
France - Air Forces Command,2024,3,0.0,0,1
France - Air Forces Command,2024,5,0.0,0,1
France - Air Forces Command,2024,6,0.0,0,1
France - Army,2024,2,0.0,0,1
France - Army,2024,5,0.0,0,1
France - Army,2024,10,0.0,0,1
France - Navy,2024,5,0.0,0,1
Frost,2024,7,0.0,0,3
Frost,2024,8,14.11111111111111,5,9
Germany - Air Force,2024,2,0.0,0,1
Germany - Air Force,2024,7,45.0,1,2
Germany - Air Force,2024,8,0.0,0,3
Germany - Air Force,2024,12,36.5,1,2
Getjet Airlines,2024,3,43.333333333333336,1,3
Gol,2024,2,6.752,45,125
Gol,2024,3,6.863309352517986,48,139
Gol,2024,4,8.012195121951219,40,82
Gol,2024,5,9.132530120481928,39,83
Gol,2024,6,15.963855421686747,51,83
Gol,2024,7,11.10752688172043,53,93
Gol,2024,8,6.559139784946237,44,93
Gol,2024,9,9.18421052631579,32,76
Gol,2024,10,9.264367816091953,40,87
Gol,2024,11,8.300751879699249,40,133
Gol,2024,12,10.721428571428572,57,140
Harmony Jets,2024,11,0.0,0,3
Heli Air Services,2024,3,21.5,2,2
Helvetic Airways,2024,2,2.0,1,2
Helvetic Airways,2024,3,2.0,1,2
Helvetic Airways,2024,4,2.1666666666666665,1,6
Helvetic Airways,2024,5,7.6,5,10
Helvetic Airways,2024,6,4.166666666666667,4,18
Helvetic Airways,2024,7,8.227272727272727,16,22
Helvetic Airways,2024,8,9.833333333333334,10,24
Helvetic Airways,2024,9,2.0,6,14
Helvetic Airways,2024,10,10.142857142857142,6,14
Hi Fly,2024,7,46.5,1,4
Hungary - Air Force,2024,6,0.0,0,1
Iberia,2024,2,4.265402843601896,45,211
Iberia,2024,3,3.0595744680851062,51,235
Iberia,2024,4,2.3171641791044775,50,268
Iberia,2024,5,2.527972027972028,62,286
Iberia,2024,6,3.3201581027667983,58,253
Iberia,2024,7,2.89010989010989,49,273
Iberia,2024,8,3.672727272727273,56,275
Iberia,2024,9,4.830645161290323,57,248
Iberia,2024,10,4.7701149425287355,65,261
Iberia,2024,11,1.7123893805309736,35,226
Iberia,2024,12,2.9710743801652892,65,242
Jet Executive,2024,4,0.0,0,2
Jetnetherlands,2024,4,0.6666666666666666,1,3
Jetstream,2024,9,4.5,1,2
Jetstream,2024,10,7.75,2,4
Kenya Airways,2024,2,5.648148148148148,17,54
Kenya Airways,2024,3,4.896551724137931,17,58
Kenya Airways,2024,4,6.634615384615385,22,52
Kenya Airways,2024,5,7.617021276595745,24,47
Kenya Airways,2024,6,10.142857142857142,27,49
Kenya Airways,2024,7,7.611111111111111,13,36
Kenya Airways,2024,8,1.7419354838709677,7,31
Kenya Airways,2024,9,1.6285714285714286,9,35
Kenya Airways,2024,10,10.23076923076923,21,39
Kenya Airways,2024,11,1.8235294117647058,3,17
Kenya Airways,2024,12,7.571428571428571,8,14
Klasjet,2024,2,2.0,1,2
Klm,2024,2,4.908071748878924,145,446
Klm,2024,3,5.8538461538461535,188,520
Klm,2024,4,7.3818615751789975,172,419
Klm,2024,5,7.626865671641791,179,469
Klm,2024,6,10.366666666666667,224,480
Klm,2024,7,10.790067720090294,211,443
Klm,2024,8,8.10344827586207,201,435
Klm,2024,9,8.325991189427313,194,454
Klm,2024,10,8.171247357293868,199,473
Klm,2024,11,7.053789731051345,139,409
Klm,2024,12,8.535031847133759,189,471
Latam Airlines,2024,2,12.323529411764707,13,34
Latam Airlines,2024,3,4.871794871794871,11,39
Latam Airlines,2024,4,1.819277108433735,19,83
Latam Airlines,2024,5,4.376344086021505,29,93
Latam Airlines,2024,6,4.434210526315789,22,76
Latam Airlines,2024,7,5.68,28,100
Latam Airlines,2024,8,6.40625,31,96
Latam Airlines,2024,9,6.493150684931507,21,73
Latam Airlines,2024,10,10.12,29,75
Latam Airlines,2024,11,2.2337662337662336,12,77
Latam Airlines,2024,12,3.0632911392405062,20,79
Leav Aviation,2024,7,0.0,0,1
Life Line Aviation,2024,7,13.0,1,2
Lot - Polish Airlines,2024,2,2.125,5,16
Lot - Polish Airlines,2024,3,4.833333333333333,10,18
Lot - Polish Airlines,2024,4,5.1923076923076925,12,26
Lot - Polish Airlines,2024,5,4.461538461538462,10,26
Lot - Polish Airlines,2024,6,4.653846153846154,8,26
Lot - Polish Airlines,2024,7,6.961538461538462,16,26
Lot - Polish Airlines,2024,8,8.678571428571429,12,28
Lot - Polish Airlines,2024,9,2.0416666666666665,8,24
Lot - Polish Airlines,2024,10,8.583333333333334,9,24
Lufthansa,2024,2,3.9791666666666665,15,48
Lufthansa,2024,3,3.7058823529411766,15,51
Lufthansa,2024,4,11.4,1,5
Lufthansa,2024,6,0.0,0,1
Lufthansa,2024,7,24.4,3,5
Lufthansa,2024,9,3.0,1,2
Lufthansa,2024,10,0.0,0,10
Lufthansa,2024,11,2.8653846153846154,8,52
Lufthansa,2024,12,2.0638297872340425,8,47
Malta Air,2024,5,9.071428571428571,15,28
Malta Air,2024,6,5.833333333333333,1,6
Malta Air,2024,8,2.85,5,20
Malta Air,2024,9,3.1666666666666665,3,6
Malta Air,2024,10,6.166666666666667,2,6
Malta Medair,2024,10,12.0,1,2
Mhs Aviation,2024,6,0.0,0,2
Mistral Air,2024,6,11.0,2,2
Nile Air,2024,2,15.5,3,4
Nile Air,2024,3,7.923076923076923,6,13
Nile Air,2024,4,4.555555555555555,4,9
Nile Air,2024,5,7.909090909090909,5,11
Nile Air,2024,10,0.0,0,1
Nile Air,2024,11,10.666666666666666,1,3
North Flying,2024,2,0.0,0,2
North Flying,2024,5,12.0,1,1
North Flying,2024,9,6.5,1,2
North Flying,2024,10,1.3333333333333333,1,3
North Flying,2024,11,1.0,1,3
Nouvelair Tunisie,2024,2,5.3125,6,16
Nouvelair Tunisie,2024,3,3.8,7,20
Nouvelair Tunisie,2024,4,3.075,8,40
Nouvelair Tunisie,2024,5,6.2,18,35
Nouvelair Tunisie,2024,6,4.730769230769231,6,26
Nouvelair Tunisie,2024,7,1.36,3,25
Nouvelair Tunisie,2024,8,8.705882352941176,8,34
Nouvelair Tunisie,2024,9,5.535714285714286,11,28
Nouvelair Tunisie,2024,10,10.176470588235293,19,51
Nouvelair Tunisie,2024,11,6.708333333333333,5,24
Nouvelair Tunisie,2024,12,10.81578947368421,12,38
Nyxair,2024,3,0.6,2,5
Oyonnair,2024,2,9.285714285714286,5,7
Oyonnair,2024,3,16.565217391304348,16,23
Oyonnair,2024,4,7.5,2,4
Oyonnair,2024,5,18.214285714285715,11,14
Oyonnair,2024,6,25.333333333333332,8,12
Oyonnair,2024,7,7.909090909090909,5,11
Oyonnair,2024,8,14.133333333333333,6,15
Oyonnair,2024,9,10.714285714285714,4,7
Oyonnair,2024,10,10.375,6,8
Oyonnair,2024,11,30.933333333333334,11,15
Oyonnair,2024,12,4.75,2,4
Pan Europeenne,2024,4,1.0,1,2
Pan Europeenne,2024,6,6.75,2,4
Pan Europeenne,2024,9,2.0,1,2
Pan Europeenne Air Service,2024,3,0.0,0,2
Pan Europeenne Air Service,2024,7,5.5,2,2
Platoon Aviation,2024,4,4.0,2,2
Platoon Aviation,2024,7,23.5,2,2
Porter Airlines,2024,5,4.533333333333333,11,30
Porter Airlines,2024,6,9.526315789473685,11,38
Porter Airlines,2024,7,4.826086956521739,10,46
Porter Airlines,2024,8,6.266666666666667,17,45
Porter Airlines,2024,9,6.928571428571429,12,42
Porter Airlines,2024,10,2.8055555555555554,8,36
Porter Airlines,2024,11,7.875,4,8
Porter Airlines,2024,12,18.142857142857142,10,14
Private Owner,2024,9,0.0,0,2
Proair Aviation,2024,7,0.0,0,2
Qatar Airways,2024,2,3.881818181818182,41,220
Qatar Airways,2024,3,2.7237354085603114,47,257
Qatar Airways,2024,4,1.453781512605042,34,238
Qatar Airways,2024,5,2.5836575875486383,55,257
Qatar Airways,2024,6,2.9322033898305087,48,236
Qatar Airways,2024,7,2.795847750865052,46,289
Qatar Airways,2024,8,2.923344947735192,54,287
Qatar Airways,2024,9,4.46606334841629,48,221
Qatar Airways,2024,10,4.48068669527897,51,233
Qatar Airways,2024,11,1.7123893805309736,35,226
Qatar Airways,2024,12,3.072649572649573,65,234
Quick Air Jet Charter,2024,3,62.0,2,2
Royal Air Maroc,2024,2,11.526315789473685,23,38
Royal Air Maroc,2024,3,3.5789473684210527,17,38
Royal Air Maroc,2024,4,9.229166666666666,22,48
Royal Air Maroc,2024,5,5.543478260869565,16,46
Royal Air Maroc,2024,6,8.12,22,50
Royal Air Maroc,2024,7,7.030769230769231,22,65
Royal Air Maroc,2024,8,9.419354838709678,32,62
Royal Air Maroc,2024,9,7.72,25,50
Royal Air Maroc,2024,10,6.552631578947368,14,38
Royal Air Maroc,2024,11,9.511111111111111,14,45
Royal Air Maroc,2024,12,10.74074074074074,25,54
Ryanair,2024,2,2.34,34,250
Ryanair,2024,3,2.878698224852071,57,338
Ryanair,2024,4,4.843058350100604,146,497
Ryanair,2024,5,5.368312757201646,146,486
Ryanair,2024,6,7.748466257668712,162,489
Ryanair,2024,7,7.695736434108527,183,516
Ryanair,2024,8,6.4652509652509655,162,518
Ryanair,2024,9,6.273662551440329,148,486
Ryanair,2024,10,7.983539094650205,186,486
Ryanair,2024,11,6.191666666666666,102,360
Ryanair,2024,12,6.820779220779221,124,385
Sas,2024,4,0.0,0,2
Sas,2024,10,2.0,1,1
Scoot,2024,9,0.0,0,2
Silver Air,2024,6,0.0,0,1
Silver Cloud Air,2024,7,7.0,1,2
Sky Angkor,2024,9,10.5,2,2
Sky Angkor,2024,10,5.5,3,10
Sky Angkor,2024,11,16.8,4,10
Sky Angkor,2024,12,33.0,2,4
Sky Express,2024,4,7.357142857142857,5,14
Sky Express,2024,5,7.5588235294117645,14,34
Sky Express,2024,6,10.555555555555555,7,18
Sky Express,2024,7,9.444444444444445,8,18
Sky Express,2024,8,8.294117647058824,8,17
Sky Express,2024,9,8.352941176470589,10,17
Sky Express,2024,10,5.0,5,18
Sky Express,2024,11,0.0,0,2
Sky Helicopteros,2024,4,5.0,1,1
Sky Helicopteros,2024,9,178.0,1,1
Smart Jet International,2024,7,12.5,1,2
Smartlynx Airlines,2024,12,19.0,2,2
Smartwings,2024,2,0.0,0,1
Smartwings,2024,3,38.0,1,1
Spain - Air Force,2024,6,0.0,0,3
Sparfell Luftfahrt,2024,9,5.0,1,2
Sparfell Luftfahrt,2024,10,11.5,2,2
Sundair,2024,9,62.0,1,2
Swiss,2024,2,1.5,2,10
Swiss,2024,3,1.625,3,8
Swiss,2024,4,4.25,2,4
Swiss,2024,5,1.25,1,4
Swiss,2024,6,5.75,4,8
Swiss,2024,7,0.0,0,4
Swiss,2024,10,5.5,1,2
Swiss Air-Ambulance,2024,7,4.5,1,2
Swiss Air-Ambulance,2024,10,0.0,0,2
Tag Aviation Malta,2024,11,1.0,1,2
Tap Air Portugal,2024,2,7.147058823529412,15,34
Tap Air Portugal,2024,3,5.882352941176471,11,34
Tap Air Portugal,2024,4,3.0344827586206895,18,58
Tap Air Portugal,2024,5,8.325,24,80
Tap Air Portugal,2024,6,3.532258064516129,13,62
Tap Air Portugal,2024,7,2.590909090909091,10,44
Tap Air Portugal,2024,8,4.409090909090909,12,44
Tap Air Portugal,2024,9,6.866666666666666,17,60
Tap Air Portugal,2024,10,8.535714285714286,27,84
Tap Air Portugal,2024,11,4.894736842105263,10,38
Tap Air Portugal,2024,12,5.638888888888889,13,36
Tassili Airlines,2024,2,7.875,3,16
Tassili Airlines,2024,3,2.2,3,20
Tassili Airlines,2024,4,0.125,1,16
Tassili Airlines,2024,5,1.2777777777777777,1,18
Tassili Airlines,2024,6,3.388888888888889,2,18
Tassili Airlines,2024,7,6.0,2,16
Tassili Airlines,2024,8,11.904761904761905,11,21
Tassili Airlines,2024,9,11.85,7,20
Tassili Airlines,2024,10,3.9375,4,16
Tassili Airlines,2024,11,9.222222222222221,5,18
Tassili Airlines,2024,12,2.6666666666666665,4,18
Trade Air,2024,2,24.0,4,4
Trade Air,2024,4,11.166666666666666,4,6
Trade Air,2024,5,9.0,6,10
Trade Air,2024,6,25.666666666666668,12,15
Trade Air,2024,7,40.142857142857146,3,7
Trade Air,2024,8,47.0,3,6
Trade Air,2024,9,54.3,5,10
Trade Air,2024,10,17.666666666666668,6,6
Transavia,2024,2,3.9802631578947367,113,456
Transavia,2024,3,3.4203187250996017,71,502
Transavia,2024,4,3.066427289048474,97,557
Transavia,2024,5,3.390909090909091,132,770
Transavia,2024,6,5.7720994475138125,162,724
Transavia,2024,7,5.8775,224,800
Transavia,2024,8,3.860606060606061,184,825
Transavia,2024,9,4.914923291492329,176,717
Transavia,2024,10,5.256446991404012,135,698
Transavia,2024,11,3.3263707571801566,60,383
Transavia,2024,12,3.051470588235294,61,408
Transavia France,2024,2,0.0,0,5
Transavia France,2024,3,0.0,0,3
Transavia France,2024,4,0.0,0,16
Transavia France,2024,5,0.0,0,4
Transavia France,2024,6,0.0,0,13
Transavia France,2024,7,0.0,0,12
Transavia France,2024,8,0.0,0,5
Transavia France,2024,9,0.0,0,8
Transavia France,2024,10,0.0,0,6
Transavia France,2024,11,0.0,0,21
Transavia France,2024,12,0.0,0,2
Tunisair,2024,6,1.7,2,10
Tunisair,2024,7,0.8333333333333334,1,12
Tunisair,2024,8,0.375,1,8
Tunisair,2024,9,2.2,3,10
Unicair,2024,10,0.0,0,2
Valair,2024,7,15.0,2,2
Vietnam Airlines,2024,2,4.435185185185185,32,108
Vietnam Airlines,2024,3,6.572649572649572,35,117
Vietnam Airlines,2024,4,6.49,40,100
Vietnam Airlines,2024,5,7.906976744186046,43,86
Vietnam Airlines,2024,6,13.261904761904763,52,84
Vietnam Airlines,2024,7,11.10752688172043,55,93
Vietnam Airlines,2024,8,8.559139784946236,55,93
Vietnam Airlines,2024,9,9.512195121951219,38,82
Vietnam Airlines,2024,10,8.060240963855422,31,83
Vietnam Airlines,2024,11,8.162162162162161,35,111
Vietnam Airlines,2024,12,8.698275862068966,42,116
Vistajet,2024,3,0.0,0,1
Vistajet,2024,4,1.0,1,3
Vistajet,2024,6,16.5,1,2
Vistajet,2024,7,18.0,1,2
Vistajet,2024,8,25.5,2,2
Vistajet,2024,10,13.0,2,2
Vistajet,2024,11,0.0,0,2
Vistajet,2024,12,0.0,0,2
Volotea,2024,2,6.135211267605634,119,355
Volotea,2024,3,5.381930184804928,159,487
Volotea,2024,4,6.940803382663848,342,946
Volotea,2024,5,6.811565951916829,546,1539
Volotea,2024,6,8.778571428571428,510,1400
Volotea,2024,7,9.678805535324107,570,1373
Volotea,2024,8,7.383491599707816,547,1369
Volotea,2024,9,8.145103645461043,517,1399
Volotea,2024,10,8.770833333333334,525,1536
Volotea,2024,11,6.04177545691906,207,766
Volotea,2024,12,6.591836734693878,305,882
Vueling,2024,2,4.285714285714286,45,210
Vueling,2024,3,3.0858369098712446,51,233
Vueling,2024,4,2.119047619047619,51,294
Vueling,2024,5,2.347682119205298,60,302
Vueling,2024,6,4.161290322580645,66,279
Vueling,2024,7,2.6588628762541804,52,299
Vueling,2024,8,3.392739273927393,58,303
Vueling,2024,9,4.784386617100372,58,269
Vueling,2024,10,4.982456140350878,72,285
Vueling,2024,11,1.7123893805309736,35,226
Vueling,2024,12,3.072649572649573,65,234
Westjet,2024,2,5.98,39,100
Westjet,2024,3,5.311320754716981,37,106
Westjet,2024,4,7.423076923076923,32,104
Westjet,2024,5,9.339506172839506,63,162
Westjet,2024,6,12.306930693069306,91,202
Westjet,2024,7,13.087179487179487,80,195
Westjet,2024,8,10.375634517766498,95,197
Westjet,2024,9,7.328502415458937,82,207
Westjet,2024,10,6.225274725274725,62,182
Westjet,2024,11,3.8025477707006368,34,157
Westjet,2024,12,7.274193548387097,61,186
Wideroe,2024,6,0.0,0,3
Wind Rose Aviation Company,2024,6,19.166666666666668,5,6
Wind Rose Aviation Company,2024,7,49.3,5,10
Wind Rose Aviation Company,2024,8,0.0,0,4
Wind Rose Aviation Company,2024,10,31.25,3,4
Zeusch Aviation,2024,4,17.0,1,2
Zeusch Aviation,2024,7,0.0,0,2
Zeusch Aviation,2024,12,3.8333333333333335,1,6
Zimex Aviation,2024,3,9.0,1,2
Zimex Aviation,2024,8,2.0,3,7
Zimex Aviation,2024,9,0.0,0,1
